text,category
"led a tabletop exercise for incident response. experienced with wireshark, python. took part in retrospectives and planning. investigated phishing reports and contained incidents. used pandas and numpy for exploratory data analysis. communicated progress in daily stand ups. worked in an agile team with two week sprints. used git for version control.",Cybersecurity
"experienced with linux, excel. took part in retrospectives and planning. wrote python scripts to automate repetitive work. communicated progress in daily stand ups. built regression models to forecast quarterly demand. documented work for future maintainers. imaged and deployed laptops for new starters.",IT Support
"managed the asset inventory and licence renewals. experienced with excel, linux, active directory. communicated progress in daily stand ups. documented work for future maintainers. supported video conferencing and meeting room equipment. imaged and deployed laptops for new starters.",IT Support
"debugged production incidents and wrote postmortems. experienced with docker, python, typescript. wrote python scripts to automate repetitive work. communicated progress in daily stand ups. reviewed pull requests and mentored junior developers. used git for version control. collaborated with cross functional stakeholders.",Software Engineering
"documented work for future maintainers. worked in an agile team with two week sprints. took part in retrospectives and planning. experienced with sql, jupyter. collaborated with cross functional stakeholders. used pandas and numpy for exploratory data analysis.",Data Science
"refactored a legacy monolith into separate services. experienced with docker, typescript, python. communicated progress in daily stand ups. reviewed pull requests and mentored junior developers. balanced competing priorities under deadline. built responsive interfaces in React and TypeScript.",Software Engineering
"took part in retrospectives and planning. briefed designers on campaign creative. experienced with sql, google analytics. worked in an agile team with two week sprints. collaborated with cross functional stakeholders.",Marketing
"used git for version control. documented work for future maintainers. led a tabletop exercise for incident response. experienced with linux, python. investigated phishing reports and contained incidents. worked in an agile team with two week sprints. wrote detection rules for the SIEM platform.",Cybersecurity
"documented work for future maintainers. communicated progress in daily stand ups. wrote detection rules for the SIEM platform. implemented least privilege access across environments. took part in retrospectives and planning. ran customer interviews to refine positioning. experienced with linux, docker. collaborated with cross functional stakeholders.",Cybersecurity
"planned and ran paid social campaigns within budget. experienced with google analytics, hubspot. wrote detection rules for the SIEM platform. communicated progress in daily stand ups. balanced competing priorities under deadline. coordinated a product launch with sales and support.",Marketing
"planned and ran paid social campaigns within budget. experienced with google analytics, hubspot. refactored a legacy monolith into separate services. used git for version control. took part in retrospectives and planning.",Marketing
"worked in an agile team with two week sprints. documented work for future maintainers. escalated network faults to the infrastructure team. experienced with windows, active directory. administered user accounts and group permissions.",IT Support
"engineered features from raw transaction logs. experienced with linux, python, docker. collaborated with cross functional stakeholders. balanced competing priorities under deadline. took part in retrospectives and planning. hardened server configurations and rotated credentials. communicated progress in daily stand ups.",Cybersecurity
"experienced with linux, docker, python. communicated progress in daily stand ups. wrote python scripts to automate repetitive work. balanced competing priorities under deadline. used git for version control. reviewed code for injection and authentication flaws.",Cybersecurity
"worked in an agile team with two week sprints. ran A/B tests and reported statistical significance. experienced with python, jupyter, tableau. documented work for future maintainers.",Data Science
"balanced competing priorities under deadline. collaborated with cross functional stakeholders. experienced with sql, jupyter, python. wrote python scripts to automate repetitive work. ran A/B tests and reported statistical significance.",Data Science
"cleaned and imputed missing values across large datasets. trained a gradient boosting classifier on customer churn data. experienced with jupyter, python. presented model performance to non technical stakeholders. worked in an agile team with two week sprints. collaborated with cross functional stakeholders. escalated network faults to the infrastructure team.",Data Science
"used git for version control. experienced with tableau, jupyter, sql. documented work for future maintainers. wrote python scripts to automate repetitive work. used pandas and numpy for exploratory data analysis. briefed designers on campaign creative.",Data Science
"performed penetration testing on internal web applications. wrote detection rules for the SIEM platform. experienced with docker, linux, wireshark. reviewed code for injection and authentication flaws. took part in retrospectives and planning. wrote python scripts to automate repetitive work. balanced competing priorities under deadline.",Cybersecurity
"debugged production incidents and wrote postmortems. collaborated with cross functional stakeholders. took part in retrospectives and planning. experienced with docker, python. worked in an agile team with two week sprints. imaged and deployed laptops for new starters. communicated progress in daily stand ups.",Software Engineering
"experienced with python, wireshark, docker. documented work for future maintainers. investigated phishing reports and contained incidents. wrote unit and integration tests to raise coverage. communicated progress in daily stand ups.",Cybersecurity
"balanced competing priorities under deadline. wrote python scripts to automate repetitive work. reviewed code for injection and authentication flaws. took part in retrospectives and planning. experienced with docker, linux, python.",Cybersecurity
"trained a gradient boosting classifier on customer churn data. documented work for future maintainers. collaborated with cross functional stakeholders. wrote python scripts to automate repetitive work. experienced with python, sql. took part in retrospectives and planning.",Data Science
"documented work for future maintainers. refactored a legacy monolith into separate services. used git for version control. wrote python scripts to automate repetitive work. experienced with docker, sql. reviewed pull requests and mentored junior developers. reviewed code for injection and authentication flaws.",Software Engineering
"coordinated a product launch with sales and support. improved organic search ranking through on page SEO. used git for version control. experienced with sql, hubspot. balanced competing priorities under deadline. collaborated with cross functional stakeholders.",Marketing
"resolved hardware and software tickets within SLA. experienced with excel, active directory, linux. collaborated with cross functional stakeholders. communicated progress in daily stand ups. documented common fixes in the internal knowledge base.",IT Support
"experienced with linux, windows. collaborated with cross functional stakeholders. documented common fixes in the internal knowledge base. wrote python scripts to automate repetitive work. imaged and deployed laptops for new starters. took part in retrospectives and planning. wrote unit and integration tests to raise coverage. balanced competing priorities under deadline.",IT Support
"collaborated with cross functional stakeholders. managed the content calendar across three channels. took part in retrospectives and planning. experienced with sql, hubspot, excel. balanced competing priorities under deadline. coordinated a product launch with sales and support.",Marketing
"investigated phishing reports and contained incidents. collaborated with cross functional stakeholders. communicated progress in daily stand ups. used git for version control. triaged vulnerability scan findings and tracked remediation. experienced with docker, wireshark.",Cybersecurity
"took part in retrospectives and planning. ran A/B tests and reported statistical significance. presented model performance to non technical stakeholders. used git for version control. documented work for future maintainers. experienced with sql, python. collaborated with cross functional stakeholders.",Data Science
"planned and ran paid social campaigns within budget. ran customer interviews to refine positioning. balanced competing priorities under deadline. communicated progress in daily stand ups. experienced with excel, google analytics. coordinated a product launch with sales and support.",Marketing
"collaborated with cross functional stakeholders. wrote unit and integration tests to raise coverage. documented work for future maintainers. implemented caching to reduce database load. communicated progress in daily stand ups. refactored a legacy monolith into separate services. experienced with sql, typescript, docker. imaged and deployed laptops for new starters. balanced competing priorities under deadline.",Software Engineering
"used git for version control. experienced with python, docker, typescript. reviewed pull requests and mentored junior developers. debugged production incidents and wrote postmortems. took part in retrospectives and planning. wrote email sequences and measured open and click rates. designed and shipped REST APIs consumed by mobile clients.",Software Engineering
"took part in retrospectives and planning. worked in an agile team with two week sprints. wrote unit and integration tests to raise coverage. used git for version control. experienced with sql, tableau, jupyter. trained a gradient boosting classifier on customer churn data.",Data Science
"documented work for future maintainers. used git for version control. used pandas and numpy for exploratory data analysis. cleaned and imputed missing values across large datasets. experienced with sql, jupyter, python. took part in retrospectives and planning. presented model performance to non technical stakeholders.",Data Science
"documented work for future maintainers. experienced with hubspot, sql. collaborated with cross functional stakeholders. wrote email sequences and measured open and click rates. briefed designers on campaign creative. wrote python scripts to automate repetitive work.",Marketing
"balanced competing priorities under deadline. experienced with linux, windows, excel. worked in an agile team with two week sprints. imaged and deployed laptops for new starters. documented work for future maintainers. took part in retrospectives and planning. administered user accounts and group permissions.",IT Support
"took part in retrospectives and planning. wrote python scripts to automate repetitive work. documented work for future maintainers. experienced with linux, active directory, excel. resolved hardware and software tickets within SLA. supported video conferencing and meeting room equipment. communicated progress in daily stand ups. escalated network faults to the infrastructure team.",IT Support
"used git for version control. improved organic search ranking through on page SEO. documented work for future maintainers. experienced with typescript, docker, python. refactored a legacy monolith into separate services. communicated progress in daily stand ups. collaborated with cross functional stakeholders. designed and shipped REST APIs consumed by mobile clients. built responsive interfaces in React and TypeScript.",Software Engineering
"balanced competing priorities under deadline. briefed designers on campaign creative. reviewed pull requests and mentored junior developers. experienced with google analytics, hubspot, sql. improved organic search ranking through on page SEO. communicated progress in daily stand ups. reported campaign performance against acquisition targets.",Marketing
"experienced with linux, docker. wrote python scripts to automate repetitive work. took part in retrospectives and planning. hardened server configurations and rotated credentials. documented common fixes in the internal knowledge base. worked in an agile team with two week sprints. implemented least privilege access across environments.",Cybersecurity
"collaborated with cross functional stakeholders. worked in an agile team with two week sprints. documented work for future maintainers. reported campaign performance against acquisition targets. experienced with sql, hubspot.",Marketing
"documented work for future maintainers. wrote python scripts to automate repetitive work. used git for version control. designed and shipped REST APIs consumed by mobile clients. worked in an agile team with two week sprints. ran A/B tests and reported statistical significance. experienced with sql, docker. debugged production incidents and wrote postmortems.",Software Engineering
"used git for version control. designed and shipped REST APIs consumed by mobile clients. experienced with typescript, python. refactored a legacy monolith into separate services. documented work for future maintainers.",Software Engineering
"reported campaign performance against acquisition targets. took part in retrospectives and planning. wrote python scripts to automate repetitive work. documented work for future maintainers. experienced with sql, excel. worked in an agile team with two week sprints.",Marketing
"used git for version control. hardened server configurations and rotated credentials. experienced with docker, linux, python. balanced competing priorities under deadline. cleaned and imputed missing values across large datasets. implemented least privilege access across environments.",Cybersecurity
"wrote python scripts to automate repetitive work. cleaned and imputed missing values across large datasets. used git for version control. built regression models to forecast quarterly demand. implemented least privilege access across environments. experienced with tableau, sql. worked in an agile team with two week sprints. tuned hyperparameters with cross validation.",Data Science
"implemented caching to reduce database load. took part in retrospectives and planning. wrote unit and integration tests to raise coverage. communicated progress in daily stand ups. worked in an agile team with two week sprints. experienced with sql, python, typescript. wrote python scripts to automate repetitive work. cleaned and imputed missing values across large datasets.",Software Engineering
"wrote python scripts to automate repetitive work. took part in retrospectives and planning. experienced with docker, typescript. designed relational schemas and wrote migrations. investigated phishing reports and contained incidents. communicated progress in daily stand ups.",Software Engineering
"used git for version control. worked in an agile team with two week sprints. experienced with excel, linux, active directory. escalated network faults to the infrastructure team. walked non technical staff through remote troubleshooting. resolved hardware and software tickets within SLA. performed penetration testing on internal web applications. communicated progress in daily stand ups.",IT Support
"walked non technical staff through remote troubleshooting. wrote unit and integration tests to raise coverage. balanced competing priorities under deadline. communicated progress in daily stand ups. experienced with windows, linux, excel. used git for version control. escalated network faults to the infrastructure team. collaborated with cross functional stakeholders.",IT Support
"built responsive interfaces in React and TypeScript. resolved hardware and software tickets within SLA. documented common fixes in the internal knowledge base. wrote python scripts to automate repetitive work. supported video conferencing and meeting room equipment. worked in an agile team with two week sprints. took part in retrospectives and planning. experienced with excel, linux, windows.",IT Support
"planned and ran paid social campaigns within budget. communicated progress in daily stand ups. experienced with google analytics, hubspot, sql. balanced competing priorities under deadline. worked in an agile team with two week sprints. improved organic search ranking through on page SEO. took part in retrospectives and planning. coordinated a product launch with sales and support.",Marketing
"experienced with excel, active directory, windows. wrote python scripts to automate repetitive work. took part in retrospectives and planning. imaged and deployed laptops for new starters.",IT Support
"communicated progress in daily stand ups. took part in retrospectives and planning. balanced competing priorities under deadline. reviewed pull requests and mentored junior developers. refactored a legacy monolith into separate services. experienced with typescript, sql. documented work for future maintainers. reviewed code for injection and authentication flaws.",Software Engineering
"took part in retrospectives and planning. used git for version control. ran A/B tests and reported statistical significance. collaborated with cross functional stakeholders. cleaned and imputed missing values across large datasets. walked non technical staff through remote troubleshooting. experienced with sql, jupyter. documented work for future maintainers. engineered features from raw transaction logs.",Data Science
"documented common fixes in the internal knowledge base. wrote python scripts to automate repetitive work. investigated phishing reports and contained incidents. documented work for future maintainers. collaborated with cross functional stakeholders. used git for version control. experienced with windows, active directory. supported video conferencing and meeting room equipment.",IT Support
"built regression models to forecast quarterly demand. wrote python scripts to automate repetitive work. used git for version control. experienced with python, jupyter, tableau. cleaned and imputed missing values across large datasets.",Data Science
"improved organic search ranking through on page SEO. used pandas and numpy for exploratory data analysis. collaborated with cross functional stakeholders. experienced with tableau, python. took part in retrospectives and planning.",Data Science
"walked non technical staff through remote troubleshooting. supported video conferencing and meeting room equipment. collaborated with cross functional stakeholders. experienced with excel, linux, windows. took part in retrospectives and planning. administered user accounts and group permissions. documented work for future maintainers. reviewed pull requests and mentored junior developers.",IT Support
"experienced with linux, excel, active directory. used git for version control. resolved hardware and software tickets within SLA. supported video conferencing and meeting room equipment. balanced competing priorities under deadline. documented common fixes in the internal knowledge base. documented work for future maintainers. built responsive interfaces in React and TypeScript.",IT Support
"escalated network faults to the infrastructure team. wrote python scripts to automate repetitive work. experienced with hubspot, google analytics, excel. used git for version control. reported campaign performance against acquisition targets.",Marketing
"collaborated with cross functional stakeholders. experienced with sql, hubspot. wrote email sequences and measured open and click rates. planned and ran paid social campaigns within budget. managed the content calendar across three channels. wrote python scripts to automate repetitive work. communicated progress in daily stand ups. used git for version control.",Marketing
"wrote python scripts to automate repetitive work. walked non technical staff through remote troubleshooting. experienced with linux, windows. took part in retrospectives and planning.",IT Support
"collaborated with cross functional stakeholders. planned and ran paid social campaigns within budget. experienced with jupyter, sql. built regression models to forecast quarterly demand. documented work for future maintainers. cleaned and imputed missing values across large datasets. used git for version control. ran A/B tests and reported statistical significance.",Data Science
"used git for version control. designed relational schemas and wrote migrations. reviewed pull requests and mentored junior developers. experienced with python, typescript, docker. communicated progress in daily stand ups. refactored a legacy monolith into separate services. worked in an agile team with two week sprints. managed the asset inventory and licence renewals. balanced competing priorities under deadline.",Software Engineering
"engineered features from raw transaction logs. took part in retrospectives and planning. experienced with sql, tableau. cleaned and imputed missing values across large datasets. worked in an agile team with two week sprints. presented model performance to non technical stakeholders. used git for version control.",Data Science
"tuned hyperparameters with cross validation. worked in an agile team with two week sprints. took part in retrospectives and planning. collaborated with cross functional stakeholders. experienced with jupyter, tableau, sql. implemented caching to reduce database load. communicated progress in daily stand ups.",Data Science
"balanced competing priorities under deadline. used git for version control. experienced with python, typescript. wrote unit and integration tests to raise coverage. reviewed pull requests and mentored junior developers. documented work for future maintainers. took part in retrospectives and planning.",Software Engineering
"balanced competing priorities under deadline. wrote python scripts to automate repetitive work. reported campaign performance against acquisition targets. worked in an agile team with two week sprints. took part in retrospectives and planning. experienced with hubspot, google analytics, sql. coordinated a product launch with sales and support.",Marketing
"balanced competing priorities under deadline. performed penetration testing on internal web applications. experienced with linux, docker. led a tabletop exercise for incident response. investigated phishing reports and contained incidents. used git for version control.",Cybersecurity
"documented work for future maintainers. experienced with sql, hubspot. planned and ran paid social campaigns within budget. collaborated with cross functional stakeholders. wrote python scripts to automate repetitive work. managed the asset inventory and licence renewals. managed the content calendar across three channels. wrote email sequences and measured open and click rates. communicated progress in daily stand ups.",Marketing
"cleaned and imputed missing values across large datasets. took part in retrospectives and planning. tuned hyperparameters with cross validation. balanced competing priorities under deadline. designed and shipped REST APIs consumed by mobile clients. collaborated with cross functional stakeholders. experienced with tableau, python, sql. worked in an agile team with two week sprints.",Data Science
"worked in an agile team with two week sprints. experienced with docker, linux. performed penetration testing on internal web applications. communicated progress in daily stand ups. wrote detection rules for the SIEM platform. used git for version control.",Cybersecurity
"experienced with windows, active directory. managed the asset inventory and licence renewals. documented common fixes in the internal knowledge base. wrote python scripts to automate repetitive work. balanced competing priorities under deadline. used git for version control. worked in an agile team with two week sprints.",IT Support
"took part in retrospectives and planning. escalated network faults to the infrastructure team. communicated progress in daily stand ups. documented common fixes in the internal knowledge base. engineered features from raw transaction logs. resolved hardware and software tickets within SLA. experienced with excel, active directory, windows.",IT Support
"balanced competing priorities under deadline. experienced with sql, jupyter, python. worked in an agile team with two week sprints. ran A/B tests and reported statistical significance. took part in retrospectives and planning. triaged vulnerability scan findings and tracked remediation. used git for version control.",Data Science
"experienced with excel, linux. communicated progress in daily stand ups. balanced competing priorities under deadline. documented common fixes in the internal knowledge base. walked non technical staff through remote troubleshooting. used git for version control.",IT Support
"communicated progress in daily stand ups. experienced with hubspot, sql. planned and ran paid social campaigns within budget. took part in retrospectives and planning. collaborated with cross functional stakeholders. briefed designers on campaign creative. improved organic search ranking through on page SEO.",Marketing
"documented work for future maintainers. experienced with sql, docker. used git for version control. communicated progress in daily stand ups. debugged production incidents and wrote postmortems.",Software Engineering
"communicated progress in daily stand ups. collaborated with cross functional stakeholders. designed and shipped REST APIs consumed by mobile clients. experienced with sql, docker. refactored a legacy monolith into separate services. tuned hyperparameters with cross validation. documented work for future maintainers.",Software Engineering
"worked in an agile team with two week sprints. collaborated with cross functional stakeholders. resolved hardware and software tickets within SLA. experienced with windows, active directory. communicated progress in daily stand ups. used git for version control.",IT Support
"triaged vulnerability scan findings and tracked remediation. experienced with linux, wireshark, docker. used git for version control. documented work for future maintainers.",Cybersecurity
"implemented caching to reduce database load. designed relational schemas and wrote migrations. balanced competing priorities under deadline. documented work for future maintainers. experienced with python, docker. wrote unit and integration tests to raise coverage.",Software Engineering
"managed the asset inventory and licence renewals. used git for version control. balanced competing priorities under deadline. resolved hardware and software tickets within SLA. collaborated with cross functional stakeholders. took part in retrospectives and planning. supported video conferencing and meeting room equipment. experienced with active directory, linux, windows.",IT Support
"experienced with python, sql, typescript. collaborated with cross functional stakeholders. built responsive interfaces in React and TypeScript. designed and shipped REST APIs consumed by mobile clients. reviewed pull requests and mentored junior developers. worked in an agile team with two week sprints. wrote python scripts to automate repetitive work.",Software Engineering
"experienced with sql, jupyter. presented model performance to non technical stakeholders. worked in an agile team with two week sprints. tuned hyperparameters with cross validation. took part in retrospectives and planning.",Data Science
"collaborated with cross functional stakeholders. communicated progress in daily stand ups. resolved hardware and software tickets within SLA. used git for version control. experienced with jupyter, sql, python. documented work for future maintainers. ran A/B tests and reported statistical significance.",Data Science
"led a tabletop exercise for incident response. worked in an agile team with two week sprints. documented work for future maintainers. took part in retrospectives and planning. experienced with linux, wireshark.",Cybersecurity
"documented work for future maintainers. used pandas and numpy for exploratory data analysis. built regression models to forecast quarterly demand. cleaned and imputed missing values across large datasets. worked in an agile team with two week sprints. wrote python scripts to automate repetitive work. experienced with tableau, python. collaborated with cross functional stakeholders. walked non technical staff through remote troubleshooting.",Data Science
"balanced competing priorities under deadline. engineered features from raw transaction logs. communicated progress in daily stand ups. experienced with sql, tableau, python. built regression models to forecast quarterly demand.",Data Science
"took part in retrospectives and planning. worked in an agile team with two week sprints. experienced with docker, python, wireshark. communicated progress in daily stand ups. triaged vulnerability scan findings and tracked remediation.",Cybersecurity
"wrote python scripts to automate repetitive work. documented work for future maintainers. took part in retrospectives and planning. used pandas and numpy for exploratory data analysis. experienced with linux, python. worked in an agile team with two week sprints. investigated phishing reports and contained incidents. hardened server configurations and rotated credentials.",Cybersecurity
"trained a gradient boosting classifier on customer churn data. investigated phishing reports and contained incidents. experienced with python, docker, wireshark. communicated progress in daily stand ups. used git for version control. balanced competing priorities under deadline. took part in retrospectives and planning.",Cybersecurity
"briefed designers on campaign creative. experienced with sql, google analytics. communicated progress in daily stand ups. reviewed pull requests and mentored junior developers. wrote python scripts to automate repetitive work. ran customer interviews to refine positioning. documented work for future maintainers.",Marketing
"investigated phishing reports and contained incidents. implemented least privilege access across environments. experienced with wireshark, python. wrote python scripts to automate repetitive work. performed penetration testing on internal web applications. engineered features from raw transaction logs. worked in an agile team with two week sprints.",Cybersecurity
"experienced with windows, active directory, excel. worked in an agile team with two week sprints. documented common fixes in the internal knowledge base. communicated progress in daily stand ups. supported video conferencing and meeting room equipment.",IT Support
"engineered features from raw transaction logs. cleaned and imputed missing values across large datasets. built regression models to forecast quarterly demand. used git for version control. communicated progress in daily stand ups. took part in retrospectives and planning. experienced with python, tableau.",Data Science
"balanced competing priorities under deadline. briefed designers on campaign creative. experienced with excel, google analytics. wrote python scripts to automate repetitive work. worked in an agile team with two week sprints. wrote email sequences and measured open and click rates. documented work for future maintainers. engineered features from raw transaction logs.",Marketing
"wrote python scripts to automate repetitive work. collaborated with cross functional stakeholders. improved organic search ranking through on page SEO. experienced with hubspot, sql. planned and ran paid social campaigns within budget.",Marketing
"supported video conferencing and meeting room equipment. balanced competing priorities under deadline. administered user accounts and group permissions. ran A/B tests and reported statistical significance. documented work for future maintainers. experienced with active directory, excel, linux. resolved hardware and software tickets within SLA. wrote python scripts to automate repetitive work.",IT Support
"collaborated with cross functional stakeholders. reviewed code for injection and authentication flaws. worked in an agile team with two week sprints. refactored a legacy monolith into separate services. debugged production incidents and wrote postmortems. experienced with typescript, docker, sql. wrote unit and integration tests to raise coverage.",Software Engineering
"took part in retrospectives and planning. debugged production incidents and wrote postmortems. balanced competing priorities under deadline. experienced with docker, typescript.",Software Engineering
"reviewed code for injection and authentication flaws. wrote detection rules for the SIEM platform. hardened server configurations and rotated credentials. documented work for future maintainers. experienced with wireshark, docker, python. took part in retrospectives and planning.",Cybersecurity
"engineered features from raw transaction logs. balanced competing priorities under deadline. used pandas and numpy for exploratory data analysis. used git for version control. experienced with tableau, jupyter. presented model performance to non technical stakeholders.",Data Science
"took part in retrospectives and planning. experienced with docker, typescript. designed relational schemas and wrote migrations. wrote python scripts to automate repetitive work. wrote unit and integration tests to raise coverage. debugged production incidents and wrote postmortems. collaborated with cross functional stakeholders.",Software Engineering
"trained a gradient boosting classifier on customer churn data. coordinated a product launch with sales and support. took part in retrospectives and planning. collaborated with cross functional stakeholders. experienced with excel, sql. balanced competing priorities under deadline.",Marketing
"took part in retrospectives and planning. communicated progress in daily stand ups. experienced with sql, excel, hubspot. wrote python scripts to automate repetitive work. planned and ran paid social campaigns within budget. wrote email sequences and measured open and click rates. improved organic search ranking through on page SEO.",Marketing
"wrote detection rules for the SIEM platform. balanced competing priorities under deadline. hardened server configurations and rotated credentials. used git for version control. experienced with wireshark, python. communicated progress in daily stand ups. took part in retrospectives and planning.",Cybersecurity
"used pandas and numpy for exploratory data analysis. implemented least privilege access across environments. balanced competing priorities under deadline. experienced with python, jupyter, sql. wrote python scripts to automate repetitive work. used git for version control. worked in an agile team with two week sprints.",Data Science
"supported video conferencing and meeting room equipment. experienced with linux, windows. worked in an agile team with two week sprints. documented work for future maintainers. documented common fixes in the internal knowledge base. designed relational schemas and wrote migrations. used git for version control.",IT Support
"worked in an agile team with two week sprints. experienced with docker, typescript, sql. designed relational schemas and wrote migrations. performed penetration testing on internal web applications. debugged production incidents and wrote postmortems. communicated progress in daily stand ups. wrote unit and integration tests to raise coverage. documented work for future maintainers.",Software Engineering
"took part in retrospectives and planning. balanced competing priorities under deadline. briefed designers on campaign creative. experienced with sql, excel, google analytics. planned and ran paid social campaigns within budget. worked in an agile team with two week sprints.",Marketing
"trained a gradient boosting classifier on customer churn data. documented work for future maintainers. engineered features from raw transaction logs. wrote python scripts to automate repetitive work. collaborated with cross functional stakeholders. experienced with tableau, sql. designed relational schemas and wrote migrations.",Data Science
"communicated progress in daily stand ups. experienced with python, sql. collaborated with cross functional stakeholders. used git for version control. engineered features from raw transaction logs. wrote python scripts to automate repetitive work.",Data Science
"experienced with tableau, python. wrote python scripts to automate repetitive work. wrote unit and integration tests to raise coverage. built regression models to forecast quarterly demand. engineered features from raw transaction logs. balanced competing priorities under deadline. documented work for future maintainers.",Data Science
"wrote detection rules for the SIEM platform. designed and shipped REST APIs consumed by mobile clients. experienced with python, wireshark, docker. balanced competing priorities under deadline. communicated progress in daily stand ups.",Cybersecurity
"reviewed code for injection and authentication flaws. balanced competing priorities under deadline. hardened server configurations and rotated credentials. performed penetration testing on internal web applications. experienced with linux, wireshark. wrote python scripts to automate repetitive work. collaborated with cross functional stakeholders. used git for version control.",Cybersecurity
"wrote unit and integration tests to raise coverage. experienced with sql, jupyter. balanced competing priorities under deadline. took part in retrospectives and planning. used git for version control. built regression models to forecast quarterly demand. worked in an agile team with two week sprints.",Data Science
"experienced with linux, windows. communicated progress in daily stand ups. documented common fixes in the internal knowledge base. worked in an agile team with two week sprints.",IT Support
"experienced with windows, excel, linux. worked in an agile team with two week sprints. communicated progress in daily stand ups. took part in retrospectives and planning. resolved hardware and software tickets within SLA. wrote python scripts to automate repetitive work.",IT Support
"briefed designers on campaign creative. experienced with linux, docker, wireshark. communicated progress in daily stand ups. led a tabletop exercise for incident response. worked in an agile team with two week sprints. balanced competing priorities under deadline.",Cybersecurity
"took part in retrospectives and planning. tuned hyperparameters with cross validation. experienced with python, jupyter. balanced competing priorities under deadline. worked in an agile team with two week sprints.",Data Science
"balanced competing priorities under deadline. documented work for future maintainers. experienced with sql, typescript. designed relational schemas and wrote migrations. wrote unit and integration tests to raise coverage.",Software Engineering
"balanced competing priorities under deadline. designed relational schemas and wrote migrations. documented work for future maintainers. used git for version control. experienced with sql, typescript, docker. took part in retrospectives and planning.",Software Engineering
"used git for version control. imaged and deployed laptops for new starters. supported video conferencing and meeting room equipment. experienced with linux, windows, active directory. documented work for future maintainers. took part in retrospectives and planning. escalated network faults to the infrastructure team.",IT Support
"took part in retrospectives and planning. reported campaign performance against acquisition targets. managed the content calendar across three channels. wrote python scripts to automate repetitive work. experienced with sql, excel. imaged and deployed laptops for new starters. communicated progress in daily stand ups. collaborated with cross functional stakeholders.",Marketing
"wrote python scripts to automate repetitive work. hardened server configurations and rotated credentials. balanced competing priorities under deadline. experienced with linux, docker. triaged vulnerability scan findings and tracked remediation.",Cybersecurity
"cleaned and imputed missing values across large datasets. experienced with jupyter, tableau, sql. documented work for future maintainers. worked in an agile team with two week sprints. engineered features from raw transaction logs. trained a gradient boosting classifier on customer churn data.",Data Science
"documented work for future maintainers. collaborated with cross functional stakeholders. experienced with google analytics, hubspot. coordinated a product launch with sales and support. wrote python scripts to automate repetitive work. wrote email sequences and measured open and click rates. briefed designers on campaign creative.",Marketing
"communicated progress in daily stand ups. balanced competing priorities under deadline. supported video conferencing and meeting room equipment. experienced with windows, linux.",IT Support
"took part in retrospectives and planning. communicated progress in daily stand ups. planned and ran paid social campaigns within budget. wrote python scripts to automate repetitive work. experienced with tableau, python, sql. ran A/B tests and reported statistical significance.",Data Science
"worked in an agile team with two week sprints. walked non technical staff through remote troubleshooting. managed the content calendar across three channels. used git for version control. wrote python scripts to automate repetitive work. briefed designers on campaign creative. experienced with sql, hubspot.",Marketing
"led a tabletop exercise for incident response. experienced with jupyter, sql, python. communicated progress in daily stand ups. documented work for future maintainers. built regression models to forecast quarterly demand.",Data Science
"wrote python scripts to automate repetitive work. experienced with tableau, python. engineered features from raw transaction logs. balanced competing priorities under deadline.",Data Science
"built responsive interfaces in React and TypeScript. experienced with sql, jupyter. used pandas and numpy for exploratory data analysis. communicated progress in daily stand ups. collaborated with cross functional stakeholders.",Data Science
"communicated progress in daily stand ups. wrote unit and integration tests to raise coverage. balanced competing priorities under deadline. used git for version control. documented work for future maintainers. designed and shipped REST APIs consumed by mobile clients. used pandas and numpy for exploratory data analysis. experienced with python, typescript.",Software Engineering
"reviewed code for injection and authentication flaws. performed penetration testing on internal web applications. hardened server configurations and rotated credentials. trained a gradient boosting classifier on customer churn data. used git for version control. worked in an agile team with two week sprints. balanced competing priorities under deadline. experienced with wireshark, linux, docker. documented work for future maintainers.",Cybersecurity
"administered user accounts and group permissions. balanced competing priorities under deadline. escalated network faults to the infrastructure team. experienced with active directory, linux, windows. managed the asset inventory and licence renewals. wrote python scripts to automate repetitive work.",IT Support
"tuned hyperparameters with cross validation. communicated progress in daily stand ups. engineered features from raw transaction logs. experienced with tableau, jupyter. wrote python scripts to automate repetitive work.",Data Science
"experienced with google analytics, sql, hubspot. improved organic search ranking through on page SEO. collaborated with cross functional stakeholders. wrote python scripts to automate repetitive work. documented work for future maintainers. reported campaign performance against acquisition targets. briefed designers on campaign creative.",Marketing
"investigated phishing reports and contained incidents. hardened server configurations and rotated credentials. balanced competing priorities under deadline. triaged vulnerability scan findings and tracked remediation. wrote python scripts to automate repetitive work. collaborated with cross functional stakeholders. experienced with linux, docker. improved organic search ranking through on page SEO.",Cybersecurity
"experienced with docker, wireshark. communicated progress in daily stand ups. hardened server configurations and rotated credentials. worked in an agile team with two week sprints. wrote detection rules for the SIEM platform. designed and shipped REST APIs consumed by mobile clients. performed penetration testing on internal web applications. took part in retrospectives and planning.",Cybersecurity
"balanced competing priorities under deadline. took part in retrospectives and planning. used git for version control. tuned hyperparameters with cross validation. worked in an agile team with two week sprints. engineered features from raw transaction logs. experienced with jupyter, tableau.",Data Science
"communicated progress in daily stand ups. tuned hyperparameters with cross validation. experienced with tableau, jupyter. documented work for future maintainers. balanced competing priorities under deadline. worked in an agile team with two week sprints.",Data Science
"imaged and deployed laptops for new starters. experienced with excel, active directory, windows. communicated progress in daily stand ups. administered user accounts and group permissions. wrote python scripts to automate repetitive work. documented work for future maintainers. coordinated a product launch with sales and support. supported video conferencing and meeting room equipment.",IT Support
"communicated progress in daily stand ups. worked in an agile team with two week sprints. experienced with docker, sql, typescript. tuned hyperparameters with cross validation. wrote python scripts to automate repetitive work. implemented caching to reduce database load. designed and shipped REST APIs consumed by mobile clients.",Software Engineering
"balanced competing priorities under deadline. managed the asset inventory and licence renewals. triaged vulnerability scan findings and tracked remediation. experienced with linux, wireshark. communicated progress in daily stand ups. reviewed code for injection and authentication flaws.",Cybersecurity
"balanced competing priorities under deadline. documented work for future maintainers. wrote detection rules for the SIEM platform. experienced with python, linux, wireshark. worked in an agile team with two week sprints. investigated phishing reports and contained incidents.",Cybersecurity
"briefed designers on campaign creative. communicated progress in daily stand ups. improved organic search ranking through on page SEO. hardened server configurations and rotated credentials. experienced with excel, sql, google analytics. worked in an agile team with two week sprints.",Marketing
"took part in retrospectives and planning. reviewed code for injection and authentication flaws. debugged production incidents and wrote postmortems. experienced with python, docker, wireshark. wrote detection rules for the SIEM platform. used git for version control.",Cybersecurity
"managed the content calendar across three channels. designed and shipped REST APIs consumed by mobile clients. experienced with docker, typescript, python. used git for version control. balanced competing priorities under deadline.",Software Engineering
"experienced with windows, active directory. walked non technical staff through remote troubleshooting. administered user accounts and group permissions. documented work for future maintainers. wrote python scripts to automate repetitive work.",IT Support
"documented work for future maintainers. wrote python scripts to automate repetitive work. experienced with python, tableau. engineered features from raw transaction logs. hardened server configurations and rotated credentials. balanced competing priorities under deadline.",Data Science
"used git for version control. reviewed code for injection and authentication flaws. managed the asset inventory and licence renewals. worked in an agile team with two week sprints. experienced with linux, windows, excel. documented common fixes in the internal knowledge base. escalated network faults to the infrastructure team.",IT Support
"experienced with jupyter, sql, tableau. used git for version control. communicated progress in daily stand ups. implemented least privilege access across environments. tuned hyperparameters with cross validation. worked in an agile team with two week sprints. collaborated with cross functional stakeholders.",Data Science
"experienced with linux, windows, active directory. documented work for future maintainers. administered user accounts and group permissions. coordinated a product launch with sales and support. worked in an agile team with two week sprints. escalated network faults to the infrastructure team.",IT Support
"balanced competing priorities under deadline. built regression models to forecast quarterly demand. reviewed pull requests and mentored junior developers. wrote python scripts to automate repetitive work. wrote unit and integration tests to raise coverage. documented work for future maintainers. experienced with typescript, sql. took part in retrospectives and planning. debugged production incidents and wrote postmortems.",Software Engineering
"experienced with active directory, linux, windows. managed the asset inventory and licence renewals. balanced competing priorities under deadline. supported video conferencing and meeting room equipment. used git for version control. worked in an agile team with two week sprints.",IT Support
"improved organic search ranking through on page SEO. balanced competing priorities under deadline. planned and ran paid social campaigns within budget. experienced with google analytics, hubspot. communicated progress in daily stand ups. briefed designers on campaign creative. collaborated with cross functional stakeholders.",Marketing
"implemented caching to reduce database load. took part in retrospectives and planning. communicated progress in daily stand ups. experienced with docker, python, typescript. documented work for future maintainers. wrote unit and integration tests to raise coverage. reviewed pull requests and mentored junior developers. balanced competing priorities under deadline.",Software Engineering
"designed relational schemas and wrote migrations. experienced with sql, docker. wrote python scripts to automate repetitive work. communicated progress in daily stand ups. took part in retrospectives and planning.",Software Engineering
"worked in an agile team with two week sprints. collaborated with cross functional stakeholders. imaged and deployed laptops for new starters. administered user accounts and group permissions. managed the asset inventory and licence renewals. experienced with active directory, linux.",IT Support
"used git for version control. used pandas and numpy for exploratory data analysis. communicated progress in daily stand ups. built responsive interfaces in React and TypeScript. collaborated with cross functional stakeholders. experienced with jupyter, python. cleaned and imputed missing values across large datasets. built regression models to forecast quarterly demand. took part in retrospectives and planning.",Data Science
"collaborated with cross functional stakeholders. designed and shipped REST APIs consumed by mobile clients. took part in retrospectives and planning. used git for version control. built responsive interfaces in React and TypeScript. experienced with typescript, sql, python.",Software Engineering
"documented work for future maintainers. took part in retrospectives and planning. used git for version control. experienced with tableau, python, jupyter. ran A/B tests and reported statistical significance. trained a gradient boosting classifier on customer churn data. built regression models to forecast quarterly demand.",Data Science
"wrote email sequences and measured open and click rates. wrote python scripts to automate repetitive work. experienced with sql, docker, typescript. worked in an agile team with two week sprints. built responsive interfaces in React and TypeScript. designed relational schemas and wrote migrations. used git for version control. balanced competing priorities under deadline. implemented caching to reduce database load.",Software Engineering
"built regression models to forecast quarterly demand. documented work for future maintainers. cleaned and imputed missing values across large datasets. worked in an agile team with two week sprints. communicated progress in daily stand ups. experienced with python, jupyter, sql. took part in retrospectives and planning.",Data Science
"documented common fixes in the internal knowledge base. collaborated with cross functional stakeholders. walked non technical staff through remote troubleshooting. wrote python scripts to automate repetitive work. imaged and deployed laptops for new starters. experienced with linux, active directory, excel. communicated progress in daily stand ups.",IT Support
"led a tabletop exercise for incident response. used git for version control. improved organic search ranking through on page SEO. experienced with sql, excel. balanced competing priorities under deadline.",Marketing
"communicated progress in daily stand ups. took part in retrospectives and planning. collaborated with cross functional stakeholders. reviewed pull requests and mentored junior developers. experienced with sql, docker.",Software Engineering
"worked in an agile team with two week sprints. experienced with google analytics, hubspot. wrote python scripts to automate repetitive work. ran customer interviews to refine positioning. wrote email sequences and measured open and click rates. communicated progress in daily stand ups.",Marketing
"briefed designers on campaign creative. balanced competing priorities under deadline. planned and ran paid social campaigns within budget. documented work for future maintainers. experienced with excel, sql, google analytics.",Marketing
"managed the content calendar across three channels. presented model performance to non technical stakeholders. experienced with excel, google analytics, sql. communicated progress in daily stand ups. collaborated with cross functional stakeholders.",Marketing
"administered user accounts and group permissions. balanced competing priorities under deadline. managed the asset inventory and licence renewals. hardened server configurations and rotated credentials. took part in retrospectives and planning. experienced with windows, linux, active directory. collaborated with cross functional stakeholders. worked in an agile team with two week sprints.",IT Support
"worked in an agile team with two week sprints. experienced with python, tableau, jupyter. balanced competing priorities under deadline. tuned hyperparameters with cross validation. wrote python scripts to automate repetitive work.",Data Science
"took part in retrospectives and planning. administered user accounts and group permissions. improved organic search ranking through on page SEO. experienced with windows, active directory, excel. documented work for future maintainers. collaborated with cross functional stakeholders.",IT Support
"experienced with tableau, python, sql. presented model performance to non technical stakeholders. cleaned and imputed missing values across large datasets. built regression models to forecast quarterly demand. wrote python scripts to automate repetitive work. communicated progress in daily stand ups.",Data Science
"experienced with wireshark, linux, python. investigated phishing reports and contained incidents. led a tabletop exercise for incident response. wrote python scripts to automate repetitive work. used git for version control. communicated progress in daily stand ups. performed penetration testing on internal web applications.",Cybersecurity
"experienced with docker, sql. worked in an agile team with two week sprints. collaborated with cross functional stakeholders. wrote python scripts to automate repetitive work. supported video conferencing and meeting room equipment. refactored a legacy monolith into separate services.",Software Engineering
"collaborated with cross functional stakeholders. refactored a legacy monolith into separate services. took part in retrospectives and planning. designed relational schemas and wrote migrations. experienced with sql, typescript.",Software Engineering
"communicated progress in daily stand ups. experienced with linux, python, wireshark. led a tabletop exercise for incident response. documented work for future maintainers. worked in an agile team with two week sprints. balanced competing priorities under deadline.",Cybersecurity
"refactored a legacy monolith into separate services. balanced competing priorities under deadline. wrote unit and integration tests to raise coverage. managed the asset inventory and licence renewals. took part in retrospectives and planning. experienced with typescript, sql. designed relational schemas and wrote migrations. used git for version control.",Software Engineering
"documented work for future maintainers. took part in retrospectives and planning. performed penetration testing on internal web applications. collaborated with cross functional stakeholders. wrote python scripts to automate repetitive work. experienced with wireshark, linux.",Cybersecurity
"took part in retrospectives and planning. used git for version control. experienced with hubspot, sql, google analytics. worked in an agile team with two week sprints. debugged production incidents and wrote postmortems. briefed designers on campaign creative.",Marketing
"reported campaign performance against acquisition targets. collaborated with cross functional stakeholders. experienced with google analytics, sql, hubspot. balanced competing priorities under deadline. improved organic search ranking through on page SEO. used git for version control. wrote python scripts to automate repetitive work. planned and ran paid social campaigns within budget.",Marketing
"designed relational schemas and wrote migrations. communicated progress in daily stand ups. experienced with sql, docker, python. documented work for future maintainers.",Software Engineering
"reviewed code for injection and authentication flaws. communicated progress in daily stand ups. experienced with wireshark, python, docker. tuned hyperparameters with cross validation. triaged vulnerability scan findings and tracked remediation. worked in an agile team with two week sprints. implemented least privilege access across environments.",Cybersecurity
"reviewed code for injection and authentication flaws. documented work for future maintainers. experienced with linux, python, docker. balanced competing priorities under deadline. took part in retrospectives and planning. briefed designers on campaign creative.",Cybersecurity
"presented model performance to non technical stakeholders. experienced with sql, python. hardened server configurations and rotated credentials. documented work for future maintainers. worked in an agile team with two week sprints. ran A/B tests and reported statistical significance. took part in retrospectives and planning. communicated progress in daily stand ups.",Data Science
"documented work for future maintainers. used pandas and numpy for exploratory data analysis. wrote python scripts to automate repetitive work. documented common fixes in the internal knowledge base. experienced with windows, excel. imaged and deployed laptops for new starters. collaborated with cross functional stakeholders.",IT Support
"refactored a legacy monolith into separate services. worked in an agile team with two week sprints. experienced with sql, python. used git for version control. wrote python scripts to automate repetitive work. ran A/B tests and reported statistical significance.",Data Science
"administered user accounts and group permissions. used git for version control. imaged and deployed laptops for new starters. took part in retrospectives and planning. escalated network faults to the infrastructure team. documented work for future maintainers. worked in an agile team with two week sprints. experienced with windows, excel.",IT Support
"communicated progress in daily stand ups. wrote detection rules for the SIEM platform. took part in retrospectives and planning. worked in an agile team with two week sprints. experienced with wireshark, docker, linux.",Cybersecurity
"wrote python scripts to automate repetitive work. took part in retrospectives and planning. escalated network faults to the infrastructure team. collaborated with cross functional stakeholders. briefed designers on campaign creative. experienced with windows, excel, active directory.",IT Support
"communicated progress in daily stand ups. implemented least privilege access across environments. experienced with python, docker. built regression models to forecast quarterly demand. documented work for future maintainers. wrote python scripts to automate repetitive work. used git for version control.",Cybersecurity
"balanced competing priorities under deadline. communicated progress in daily stand ups. experienced with wireshark, linux, python. implemented least privilege access across environments. triaged vulnerability scan findings and tracked remediation. took part in retrospectives and planning.",Cybersecurity
"worked in an agile team with two week sprints. trained a gradient boosting classifier on customer churn data. used git for version control. took part in retrospectives and planning. experienced with jupyter, tableau. tuned hyperparameters with cross validation. presented model performance to non technical stakeholders. balanced competing priorities under deadline.",Data Science
"experienced with sql, docker, typescript. took part in retrospectives and planning. used git for version control. collaborated with cross functional stakeholders. designed relational schemas and wrote migrations. worked in an agile team with two week sprints.",Software Engineering
"worked in an agile team with two week sprints. used git for version control. communicated progress in daily stand ups. balanced competing priorities under deadline. reported campaign performance against acquisition targets. experienced with docker, linux, wireshark. performed penetration testing on internal web applications.",Cybersecurity
"improved organic search ranking through on page SEO. ran A/B tests and reported statistical significance. used git for version control. experienced with excel, google analytics, sql. worked in an agile team with two week sprints.",Marketing
"managed the asset inventory and licence renewals. debugged production incidents and wrote postmortems. experienced with python, sql. balanced competing priorities under deadline. took part in retrospectives and planning. refactored a legacy monolith into separate services. worked in an agile team with two week sprints.",Software Engineering
"worked in an agile team with two week sprints. took part in retrospectives and planning. collaborated with cross functional stakeholders. refactored a legacy monolith into separate services. experienced with python, docker, typescript. documented work for future maintainers. tuned hyperparameters with cross validation. designed and shipped REST APIs consumed by mobile clients.",Software Engineering
"reviewed pull requests and mentored junior developers. wrote python scripts to automate repetitive work. experienced with sql, docker, typescript. managed the asset inventory and licence renewals. took part in retrospectives and planning. used git for version control. balanced competing priorities under deadline. designed and shipped REST APIs consumed by mobile clients. refactored a legacy monolith into separate services.",Software Engineering
"triaged vulnerability scan findings and tracked remediation. used git for version control. implemented least privilege access across environments. balanced competing priorities under deadline. took part in retrospectives and planning. collaborated with cross functional stakeholders. experienced with docker, wireshark. hardened server configurations and rotated credentials.",Cybersecurity
"worked in an agile team with two week sprints. experienced with active directory, linux, windows. imaged and deployed laptops for new starters. collaborated with cross functional stakeholders.",IT Support
"managed the content calendar across three channels. experienced with sql, google analytics. collaborated with cross functional stakeholders. documented work for future maintainers. coordinated a product launch with sales and support. tuned hyperparameters with cross validation. reported campaign performance against acquisition targets.",Marketing
"balanced competing priorities under deadline. used git for version control. experienced with linux, windows, excel. documented work for future maintainers. imaged and deployed laptops for new starters. resolved hardware and software tickets within SLA.",IT Support
"supported video conferencing and meeting room equipment. took part in retrospectives and planning. experienced with windows, active directory, linux. worked in an agile team with two week sprints.",IT Support
"documented work for future maintainers. used pandas and numpy for exploratory data analysis. communicated progress in daily stand ups. built regression models to forecast quarterly demand. experienced with jupyter, sql, tableau. performed penetration testing on internal web applications. trained a gradient boosting classifier on customer churn data. took part in retrospectives and planning. worked in an agile team with two week sprints.",Data Science
"experienced with tableau, jupyter, python. used git for version control. worked in an agile team with two week sprints. built regression models to forecast quarterly demand.",Data Science
"documented work for future maintainers. experienced with linux, wireshark, docker. triaged vulnerability scan findings and tracked remediation. collaborated with cross functional stakeholders.",Cybersecurity
"balanced competing priorities under deadline. briefed designers on campaign creative. collaborated with cross functional stakeholders. experienced with google analytics, sql, hubspot. coordinated a product launch with sales and support. documented common fixes in the internal knowledge base. ran customer interviews to refine positioning. used git for version control.",Marketing
"used git for version control. balanced competing priorities under deadline. documented work for future maintainers. designed and shipped REST APIs consumed by mobile clients. ran customer interviews to refine positioning. experienced with python, docker. wrote python scripts to automate repetitive work. built responsive interfaces in React and TypeScript.",Software Engineering
"experienced with sql, typescript, docker. worked in an agile team with two week sprints. collaborated with cross functional stakeholders. designed relational schemas and wrote migrations. reviewed pull requests and mentored junior developers. debugged production incidents and wrote postmortems. balanced competing priorities under deadline.",Software Engineering
"collaborated with cross functional stakeholders. investigated phishing reports and contained incidents. wrote python scripts to automate repetitive work. worked in an agile team with two week sprints. experienced with wireshark, python. hardened server configurations and rotated credentials. used git for version control.",Cybersecurity
"presented model performance to non technical stakeholders. engineered features from raw transaction logs. documented work for future maintainers. ran A/B tests and reported statistical significance. experienced with jupyter, tableau. communicated progress in daily stand ups. triaged vulnerability scan findings and tracked remediation. worked in an agile team with two week sprints. took part in retrospectives and planning.",Data Science
"communicated progress in daily stand ups. coordinated a product launch with sales and support. took part in retrospectives and planning. experienced with sql, hubspot, google analytics. balanced competing priorities under deadline. improved organic search ranking through on page SEO.",Marketing
"balanced competing priorities under deadline. experienced with python, linux, docker. wrote detection rules for the SIEM platform. collaborated with cross functional stakeholders. led a tabletop exercise for incident response. took part in retrospectives and planning.",Cybersecurity
"took part in retrospectives and planning. experienced with linux, active directory, excel. balanced competing priorities under deadline. planned and ran paid social campaigns within budget. imaged and deployed laptops for new starters.",IT Support
"collaborated with cross functional stakeholders. used pandas and numpy for exploratory data analysis. led a tabletop exercise for incident response. documented work for future maintainers. investigated phishing reports and contained incidents. wrote python scripts to automate repetitive work. experienced with wireshark, linux.",Cybersecurity
"collaborated with cross functional stakeholders. worked in an agile team with two week sprints. managed the content calendar across three channels. wrote python scripts to automate repetitive work. experienced with hubspot, google analytics, sql.",Marketing
"managed the asset inventory and licence renewals. wrote python scripts to automate repetitive work. experienced with sql, hubspot. coordinated a product launch with sales and support. communicated progress in daily stand ups. worked in an agile team with two week sprints. reported campaign performance against acquisition targets.",Marketing
"wrote python scripts to automate repetitive work. led a tabletop exercise for incident response. worked in an agile team with two week sprints. experienced with python, wireshark. triaged vulnerability scan findings and tracked remediation. imaged and deployed laptops for new starters.",Cybersecurity
"worked in an agile team with two week sprints. took part in retrospectives and planning. experienced with google analytics, hubspot. managed the content calendar across three channels. wrote email sequences and measured open and click rates. collaborated with cross functional stakeholders. used git for version control.",Marketing
"experienced with docker, python, sql. took part in retrospectives and planning. worked in an agile team with two week sprints. wrote python scripts to automate repetitive work. documented work for future maintainers. refactored a legacy monolith into separate services. built responsive interfaces in React and TypeScript. designed and shipped REST APIs consumed by mobile clients.",Software Engineering
"supported video conferencing and meeting room equipment. used git for version control. worked in an agile team with two week sprints. escalated network faults to the infrastructure team. balanced competing priorities under deadline. took part in retrospectives and planning. experienced with active directory, windows, excel.",IT Support
"balanced competing priorities under deadline. documented work for future maintainers. hardened server configurations and rotated credentials. reviewed code for injection and authentication flaws. experienced with docker, linux, python.",Cybersecurity
"reviewed code for injection and authentication flaws. collaborated with cross functional stakeholders. balanced competing priorities under deadline. experienced with linux, docker, python. led a tabletop exercise for incident response. took part in retrospectives and planning.",Cybersecurity
"trained a gradient boosting classifier on customer churn data. built regression models to forecast quarterly demand. took part in retrospectives and planning. used git for version control. engineered features from raw transaction logs. documented work for future maintainers. experienced with jupyter, tableau, python. worked in an agile team with two week sprints.",Data Science
"implemented caching to reduce database load. wrote unit and integration tests to raise coverage. worked in an agile team with two week sprints. used git for version control. experienced with sql, docker. communicated progress in daily stand ups. designed relational schemas and wrote migrations.",Software Engineering
"experienced with jupyter, sql, python. engineered features from raw transaction logs. hardened server configurations and rotated credentials. trained a gradient boosting classifier on customer churn data. built regression models to forecast quarterly demand. communicated progress in daily stand ups. wrote python scripts to automate repetitive work. took part in retrospectives and planning. worked in an agile team with two week sprints.",Data Science
"experienced with google analytics, sql. documented work for future maintainers. tuned hyperparameters with cross validation. balanced competing priorities under deadline. ran customer interviews to refine positioning. collaborated with cross functional stakeholders. planned and ran paid social campaigns within budget. reported campaign performance against acquisition targets.",Marketing
"managed the content calendar across three channels. wrote python scripts to automate repetitive work. experienced with sql, google analytics. planned and ran paid social campaigns within budget. communicated progress in daily stand ups. used git for version control.",Marketing
"experienced with typescript, sql, docker. communicated progress in daily stand ups. worked in an agile team with two week sprints. wrote python scripts to automate repetitive work. wrote unit and integration tests to raise coverage. documented work for future maintainers. built responsive interfaces in React and TypeScript. escalated network faults to the infrastructure team.",Software Engineering
"presented model performance to non technical stakeholders. communicated progress in daily stand ups. investigated phishing reports and contained incidents. led a tabletop exercise for incident response. balanced competing priorities under deadline. experienced with wireshark, python, docker.",Cybersecurity
"took part in retrospectives and planning. trained a gradient boosting classifier on customer churn data. experienced with tableau, jupyter, python. worked in an agile team with two week sprints. engineered features from raw transaction logs. built regression models to forecast quarterly demand.",Data Science
"balanced competing priorities under deadline. wrote python scripts to automate repetitive work. collaborated with cross functional stakeholders. experienced with typescript, sql, docker. built responsive interfaces in React and TypeScript.",Software Engineering
"worked in an agile team with two week sprints. investigated phishing reports and contained incidents. used git for version control. performed penetration testing on internal web applications. experienced with docker, linux, python. balanced competing priorities under deadline. documented work for future maintainers.",Cybersecurity
"took part in retrospectives and planning. wrote unit and integration tests to raise coverage. built regression models to forecast quarterly demand. balanced competing priorities under deadline. designed and shipped REST APIs consumed by mobile clients. experienced with typescript, sql, python. designed relational schemas and wrote migrations.",Software Engineering
"worked in an agile team with two week sprints. reviewed pull requests and mentored junior developers. collaborated with cross functional stakeholders. took part in retrospectives and planning. built responsive interfaces in React and TypeScript. experienced with sql, python, docker. communicated progress in daily stand ups. designed and shipped REST APIs consumed by mobile clients.",Software Engineering
"briefed designers on campaign creative. collaborated with cross functional stakeholders. balanced competing priorities under deadline. experienced with excel, google analytics. reported campaign performance against acquisition targets. took part in retrospectives and planning.",Marketing
"improved organic search ranking through on page SEO. wrote email sequences and measured open and click rates. collaborated with cross functional stakeholders. used git for version control. reported campaign performance against acquisition targets. experienced with google analytics, hubspot, sql.",Marketing
"hardened server configurations and rotated credentials. experienced with docker, linux. implemented least privilege access across environments. worked in an agile team with two week sprints. balanced competing priorities under deadline. used git for version control.",Cybersecurity
"worked in an agile team with two week sprints. balanced competing priorities under deadline. used git for version control. documented common fixes in the internal knowledge base. documented work for future maintainers. escalated network faults to the infrastructure team. experienced with windows, excel.",IT Support
"experienced with google analytics, sql. documented work for future maintainers. wrote python scripts to automate repetitive work. reported campaign performance against acquisition targets. wrote email sequences and measured open and click rates.",Marketing
"balanced competing priorities under deadline. collaborated with cross functional stakeholders. refactored a legacy monolith into separate services. experienced with sql, python. built regression models to forecast quarterly demand. wrote unit and integration tests to raise coverage. took part in retrospectives and planning.",Software Engineering
"took part in retrospectives and planning. communicated progress in daily stand ups. balanced competing priorities under deadline. experienced with excel, windows. managed the asset inventory and licence renewals. worked in an agile team with two week sprints.",IT Support
"wrote detection rules for the SIEM platform. worked in an agile team with two week sprints. experienced with linux, docker. performed penetration testing on internal web applications. took part in retrospectives and planning.",Cybersecurity
"took part in retrospectives and planning. communicated progress in daily stand ups. collaborated with cross functional stakeholders. wrote email sequences and measured open and click rates. ran customer interviews to refine positioning. planned and ran paid social campaigns within budget. experienced with google analytics, hubspot, sql. performed penetration testing on internal web applications.",Marketing
"trained a gradient boosting classifier on customer churn data. wrote python scripts to automate repetitive work. investigated phishing reports and contained incidents. experienced with tableau, sql, python. balanced competing priorities under deadline. documented work for future maintainers. built regression models to forecast quarterly demand.",Data Science
"took part in retrospectives and planning. communicated progress in daily stand ups. built responsive interfaces in React and TypeScript. debugged production incidents and wrote postmortems. wrote unit and integration tests to raise coverage. experienced with sql, typescript. balanced competing priorities under deadline. worked in an agile team with two week sprints.",Software Engineering
"worked in an agile team with two week sprints. cleaned and imputed missing values across large datasets. used git for version control. experienced with tableau, jupyter. balanced competing priorities under deadline.",Data Science
"communicated progress in daily stand ups. experienced with typescript, docker. balanced competing priorities under deadline. managed the asset inventory and licence renewals. refactored a legacy monolith into separate services. documented work for future maintainers. designed relational schemas and wrote migrations.",Software Engineering
"experienced with sql, google analytics. reported campaign performance against acquisition targets. implemented caching to reduce database load. documented work for future maintainers. worked in an agile team with two week sprints. wrote python scripts to automate repetitive work. ran customer interviews to refine positioning.",Marketing
"wrote python scripts to automate repetitive work. experienced with excel, hubspot, google analytics. wrote email sequences and measured open and click rates. used git for version control. managed the content calendar across three channels.",Marketing
"experienced with wireshark, docker. hardened server configurations and rotated credentials. performed penetration testing on internal web applications. collaborated with cross functional stakeholders. documented work for future maintainers. worked in an agile team with two week sprints.",Cybersecurity
"worked in an agile team with two week sprints. documented work for future maintainers. took part in retrospectives and planning. hardened server configurations and rotated credentials. ran A/B tests and reported statistical significance. experienced with linux, python. used git for version control.",Cybersecurity
"built responsive interfaces in React and TypeScript. used git for version control. wrote python scripts to automate repetitive work. balanced competing priorities under deadline. reviewed pull requests and mentored junior developers. wrote unit and integration tests to raise coverage. experienced with docker, python.",Software Engineering
"worked in an agile team with two week sprints. reviewed pull requests and mentored junior developers. took part in retrospectives and planning. built regression models to forecast quarterly demand. experienced with jupyter, tableau, sql. used git for version control.",Data Science
"implemented least privilege access across environments. collaborated with cross functional stakeholders. triaged vulnerability scan findings and tracked remediation. investigated phishing reports and contained incidents. experienced with python, docker, wireshark. wrote python scripts to automate repetitive work.",Cybersecurity
"collaborated with cross functional stakeholders. took part in retrospectives and planning. briefed designers on campaign creative. implemented caching to reduce database load. wrote unit and integration tests to raise coverage. documented work for future maintainers. used git for version control. refactored a legacy monolith into separate services. experienced with sql, python, typescript.",Software Engineering
"took part in retrospectives and planning. used git for version control. experienced with docker, linux. implemented least privilege access across environments.",Cybersecurity
"worked in an agile team with two week sprints. balanced competing priorities under deadline. experienced with excel, google analytics. documented work for future maintainers. wrote email sequences and measured open and click rates. reported campaign performance against acquisition targets.",Marketing
"documented common fixes in the internal knowledge base. experienced with windows, excel, active directory. collaborated with cross functional stakeholders. took part in retrospectives and planning. used git for version control. resolved hardware and software tickets within SLA. balanced competing priorities under deadline.",IT Support
"refactored a legacy monolith into separate services. communicated progress in daily stand ups. balanced competing priorities under deadline. wrote email sequences and measured open and click rates. experienced with excel, google analytics. managed the content calendar across three channels. wrote python scripts to automate repetitive work. reported campaign performance against acquisition targets.",Marketing
"experienced with typescript, python, sql. used git for version control. reviewed pull requests and mentored junior developers. balanced competing priorities under deadline. ran A/B tests and reported statistical significance.",Software Engineering
"communicated progress in daily stand ups. experienced with typescript, sql. worked in an agile team with two week sprints. collaborated with cross functional stakeholders. wrote unit and integration tests to raise coverage.",Software Engineering
"implemented caching to reduce database load. wrote python scripts to automate repetitive work. documented work for future maintainers. escalated network faults to the infrastructure team. experienced with windows, active directory, excel. imaged and deployed laptops for new starters. walked non technical staff through remote troubleshooting.",IT Support
"collaborated with cross functional stakeholders. experienced with linux, python. communicated progress in daily stand ups. reviewed code for injection and authentication flaws. documented work for future maintainers. implemented least privilege access across environments. wrote detection rules for the SIEM platform.",Cybersecurity
"reported campaign performance against acquisition targets. refactored a legacy monolith into separate services. wrote python scripts to automate repetitive work. implemented caching to reduce database load. experienced with docker, sql, python. built responsive interfaces in React and TypeScript. communicated progress in daily stand ups. balanced competing priorities under deadline.",Software Engineering
"reviewed pull requests and mentored junior developers. designed and shipped REST APIs consumed by mobile clients. communicated progress in daily stand ups. experienced with typescript, python, docker. documented work for future maintainers. worked in an agile team with two week sprints. wrote python scripts to automate repetitive work. implemented caching to reduce database load.",Software Engineering
"managed the content calendar across three channels. coordinated a product launch with sales and support. experienced with google analytics, sql. briefed designers on campaign creative. worked in an agile team with two week sprints. documented work for future maintainers. communicated progress in daily stand ups.",Marketing
"planned and ran paid social campaigns within budget. designed and shipped REST APIs consumed by mobile clients. documented work for future maintainers. briefed designers on campaign creative. experienced with excel, google analytics, hubspot. took part in retrospectives and planning. wrote python scripts to automate repetitive work. coordinated a product launch with sales and support.",Marketing
"used git for version control. resolved hardware and software tickets within SLA. collaborated with cross functional stakeholders. wrote python scripts to automate repetitive work. experienced with windows, active directory. communicated progress in daily stand ups. documented common fixes in the internal knowledge base.",IT Support
"collaborated with cross functional stakeholders. performed penetration testing on internal web applications. used git for version control. worked in an agile team with two week sprints. communicated progress in daily stand ups. experienced with python, docker.",Cybersecurity
"improved organic search ranking through on page SEO. experienced with google analytics, hubspot, sql. ran customer interviews to refine positioning. collaborated with cross functional stakeholders. communicated progress in daily stand ups.",Marketing
"experienced with windows, active directory, excel. imaged and deployed laptops for new starters. worked in an agile team with two week sprints. took part in retrospectives and planning. collaborated with cross functional stakeholders.",IT Support
"took part in retrospectives and planning. managed the asset inventory and licence renewals. experienced with windows, excel, active directory. worked in an agile team with two week sprints. supported video conferencing and meeting room equipment. collaborated with cross functional stakeholders. communicated progress in daily stand ups.",IT Support
"took part in retrospectives and planning. collaborated with cross functional stakeholders. worked in an agile team with two week sprints. communicated progress in daily stand ups. experienced with excel, sql. reported campaign performance against acquisition targets.",Marketing
"communicated progress in daily stand ups. experienced with sql, jupyter, python. balanced competing priorities under deadline. engineered features from raw transaction logs.",Data Science
"experienced with active directory, excel, windows. took part in retrospectives and planning. documented work for future maintainers. administered user accounts and group permissions.",IT Support
"took part in retrospectives and planning. resolved hardware and software tickets within SLA. experienced with linux, active directory. collaborated with cross functional stakeholders. balanced competing priorities under deadline.",IT Support
"took part in retrospectives and planning. experienced with linux, active directory. wrote python scripts to automate repetitive work. documented work for future maintainers. used git for version control. supported video conferencing and meeting room equipment. walked non technical staff through remote troubleshooting.",IT Support
"used git for version control. documented work for future maintainers. planned and ran paid social campaigns within budget. experienced with hubspot, google analytics, sql.",Marketing
"imaged and deployed laptops for new starters. experienced with python, tableau. ran A/B tests and reported statistical significance. communicated progress in daily stand ups. documented work for future maintainers. built regression models to forecast quarterly demand. took part in retrospectives and planning.",Data Science
"documented work for future maintainers. communicated progress in daily stand ups. wrote detection rules for the SIEM platform. administered user accounts and group permissions. experienced with linux, python.",Cybersecurity
"used git for version control. took part in retrospectives and planning. led a tabletop exercise for incident response. implemented least privilege access across environments. worked in an agile team with two week sprints. reviewed code for injection and authentication flaws. experienced with linux, python, docker. collaborated with cross functional stakeholders.",Cybersecurity
"collaborated with cross functional stakeholders. took part in retrospectives and planning. documented common fixes in the internal knowledge base. documented work for future maintainers. planned and ran paid social campaigns within budget. briefed designers on campaign creative. balanced competing priorities under deadline. experienced with sql, google analytics, hubspot.",Marketing
"trained a gradient boosting classifier on customer churn data. communicated progress in daily stand ups. worked in an agile team with two week sprints. documented work for future maintainers. imaged and deployed laptops for new starters. experienced with linux, excel, windows. administered user accounts and group permissions. resolved hardware and software tickets within SLA.",IT Support
"worked in an agile team with two week sprints. implemented least privilege access across environments. experienced with excel, google analytics. briefed designers on campaign creative. collaborated with cross functional stakeholders. took part in retrospectives and planning.",Marketing
"worked in an agile team with two week sprints. balanced competing priorities under deadline. experienced with excel, linux. walked non technical staff through remote troubleshooting. communicated progress in daily stand ups. documented work for future maintainers. administered user accounts and group permissions.",IT Support
"experienced with hubspot, google analytics, sql. documented common fixes in the internal knowledge base. improved organic search ranking through on page SEO. communicated progress in daily stand ups. balanced competing priorities under deadline.",Marketing
"administered user accounts and group permissions. communicated progress in daily stand ups. imaged and deployed laptops for new starters. resolved hardware and software tickets within SLA. documented work for future maintainers. experienced with excel, active directory.",IT Support
"collaborated with cross functional stakeholders. wrote python scripts to automate repetitive work. managed the asset inventory and licence renewals. administered user accounts and group permissions. documented common fixes in the internal knowledge base. experienced with excel, linux, active directory. tuned hyperparameters with cross validation.",IT Support
"imaged and deployed laptops for new starters. escalated network faults to the infrastructure team. took part in retrospectives and planning. communicated progress in daily stand ups. experienced with linux, excel, active directory. used git for version control. worked in an agile team with two week sprints.",IT Support
"experienced with sql, google analytics. worked in an agile team with two week sprints. ran customer interviews to refine positioning. reported campaign performance against acquisition targets. used git for version control.",Marketing
"ran A/B tests and reported statistical significance. wrote python scripts to automate repetitive work. balanced competing priorities under deadline. experienced with jupyter, python, sql. used git for version control.",Data Science
"experienced with sql, typescript, docker. wrote python scripts to automate repetitive work. cleaned and imputed missing values across large datasets. designed and shipped REST APIs consumed by mobile clients. documented work for future maintainers. worked in an agile team with two week sprints. collaborated with cross functional stakeholders.",Software Engineering
"experienced with docker, typescript, sql. balanced competing priorities under deadline. documented work for future maintainers. took part in retrospectives and planning. refactored a legacy monolith into separate services.",Software Engineering
